"0","stop_0
"
"1","   [1]"
"1"," ""'ll""            "
"1"," ""'tis""           "
"1"," ""'twas""          "
"1"," ""'ve""            "
"1","
"
"1","   [5]"
"1"," ""10""             "
"1"," ""39""             "
"1"," ""a""              "
"1"," ""a's""            "
"1","
"
"1","   [9]"
"1"," ""able""           "
"1"," ""ableabout""      "
"1"," ""about""          "
"1"," ""above""          "
"1","
"
"1","  [13]"
"1"," ""abroad""         "
"1"," ""abst""           "
"1"," ""accordance""     "
"1"," ""according""      "
"1","
"
"1","  [17]"
"1"," ""accordingly""    "
"1"," ""across""         "
"1"," ""act""            "
"1"," ""actually""       "
"1","
"
"1","  [21]"
"1"," ""ad""             "
"1"," ""added""          "
"1"," ""adj""            "
"1"," ""adopted""        "
"1","
"
"1","  [25]"
"1"," ""ae""             "
"1"," ""af""             "
"1"," ""affected""       "
"1"," ""affecting""      "
"1","
"
"1","  [29]"
"1"," ""affects""        "
"1"," ""after""          "
"1"," ""afterwards""     "
"1"," ""ag""             "
"1","
"
"1","  [33]"
"1"," ""again""          "
"1"," ""against""        "
"1"," ""ago""            "
"1"," ""ah""             "
"1","
"
"1","  [37]"
"1"," ""ahead""          "
"1"," ""ai""             "
"1"," ""ain't""          "
"1"," ""aint""           "
"1","
"
"1","  [41]"
"1"," ""al""             "
"1"," ""all""            "
"1"," ""allow""          "
"1"," ""allows""         "
"1","
"
"1","  [45]"
"1"," ""almost""         "
"1"," ""alone""          "
"1"," ""along""          "
"1"," ""alongside""      "
"1","
"
"1","  [49]"
"1"," ""already""        "
"1"," ""also""           "
"1"," ""although""       "
"1"," ""always""         "
"1","
"
"1","  [53]"
"1"," ""am""             "
"1"," ""amid""           "
"1"," ""amidst""         "
"1"," ""among""          "
"1","
"
"1","  [57]"
"1"," ""amongst""        "
"1"," ""amoungst""       "
"1"," ""amount""         "
"1"," ""an""             "
"1","
"
"1","  [61]"
"1"," ""and""            "
"1"," ""announce""       "
"1"," ""another""        "
"1"," ""any""            "
"1","
"
"1","  [65]"
"1"," ""anybody""        "
"1"," ""anyhow""         "
"1"," ""anymore""        "
"1"," ""anyone""         "
"1","
"
"1","  [69]"
"1"," ""anything""       "
"1"," ""anyway""         "
"1"," ""anyways""        "
"1"," ""anywhere""       "
"1","
"
"1","  [73]"
"1"," ""ao""             "
"1"," ""apart""          "
"1"," ""apparently""     "
"1"," ""appear""         "
"1","
"
"1","  [77]"
"1"," ""appreciate""     "
"1"," ""appropriate""    "
"1"," ""approximately""  "
"1"," ""aq""             "
"1","
"
"1","  [81]"
"1"," ""ar""             "
"1"," ""are""            "
"1"," ""area""           "
"1"," ""areas""          "
"1","
"
"1","  [85]"
"1"," ""aren""           "
"1"," ""aren't""         "
"1"," ""arent""          "
"1"," ""arise""          "
"1","
"
"1","  [89]"
"1"," ""around""         "
"1"," ""arpa""           "
"1"," ""as""             "
"1"," ""aside""          "
"1","
"
"1","  [93]"
"1"," ""ask""            "
"1"," ""asked""          "
"1"," ""asking""         "
"1"," ""asks""           "
"1","
"
"1","  [97]"
"1"," ""associated""     "
"1"," ""at""             "
"1"," ""au""             "
"1"," ""auth""           "
"1","
"
"1"," [101]"
"1"," ""available""      "
"1"," ""aw""             "
"1"," ""away""           "
"1"," ""awfully""        "
"1","
"
"1"," [105]"
"1"," ""az""             "
"1"," ""b""              "
"1"," ""ba""             "
"1"," ""back""           "
"1","
"
"1"," [109]"
"1"," ""backed""         "
"1"," ""backing""        "
"1"," ""backs""          "
"1"," ""backward""       "
"1","
"
"1"," [113]"
"1"," ""backwards""      "
"1"," ""bb""             "
"1"," ""bd""             "
"1"," ""be""             "
"1","
"
"1"," [117]"
"1"," ""became""         "
"1"," ""because""        "
"1"," ""become""         "
"1"," ""becomes""        "
"1","
"
"1"," [121]"
"1"," ""becoming""       "
"1"," ""been""           "
"1"," ""before""         "
"1"," ""beforehand""     "
"1","
"
"1"," [125]"
"1"," ""began""          "
"1"," ""begin""          "
"1"," ""beginning""      "
"1"," ""beginnings""     "
"1","
"
"1"," [129]"
"1"," ""begins""         "
"1"," ""behind""         "
"1"," ""being""          "
"1"," ""beings""         "
"1","
"
"1"," [133]"
"1"," ""believe""        "
"1"," ""below""          "
"1"," ""beside""         "
"1"," ""besides""        "
"1","
"
"1"," [137]"
"1"," ""best""           "
"1"," ""better""         "
"1"," ""between""        "
"1"," ""beyond""         "
"1","
"
"1"," [141]"
"1"," ""bf""             "
"1"," ""bg""             "
"1"," ""bh""             "
"1"," ""bi""             "
"1","
"
"1"," [145]"
"1"," ""big""            "
"1"," ""bill""           "
"1"," ""billion""        "
"1"," ""biol""           "
"1","
"
"1"," [149]"
"1"," ""bj""             "
"1"," ""bm""             "
"1"," ""bn""             "
"1"," ""bo""             "
"1","
"
"1"," [153]"
"1"," ""both""           "
"1"," ""bottom""         "
"1"," ""br""             "
"1"," ""brief""          "
"1","
"
"1"," [157]"
"1"," ""briefly""        "
"1"," ""bs""             "
"1"," ""bt""             "
"1"," ""but""            "
"1","
"
"1"," [161]"
"1"," ""buy""            "
"1"," ""bv""             "
"1"," ""bw""             "
"1"," ""by""             "
"1","
"
"1"," [165]"
"1"," ""bz""             "
"1"," ""c""              "
"1"," ""c'mon""          "
"1"," ""c's""            "
"1","
"
"1"," [169]"
"1"," ""ca""             "
"1"," ""call""           "
"1"," ""came""           "
"1"," ""can""            "
"1","
"
"1"," [173]"
"1"," ""can't""          "
"1"," ""cannot""         "
"1"," ""cant""           "
"1"," ""caption""        "
"1","
"
"1"," [177]"
"1"," ""case""           "
"1"," ""cases""          "
"1"," ""cause""          "
"1"," ""causes""         "
"1","
"
"1"," [181]"
"1"," ""cc""             "
"1"," ""cd""             "
"1"," ""certain""        "
"1"," ""certainly""      "
"1","
"
"1"," [185]"
"1"," ""cf""             "
"1"," ""cg""             "
"1"," ""ch""             "
"1"," ""changes""        "
"1","
"
"1"," [189]"
"1"," ""ci""             "
"1"," ""ck""             "
"1"," ""cl""             "
"1"," ""clear""          "
"1","
"
"1"," [193]"
"1"," ""clearly""        "
"1"," ""click""          "
"1"," ""cm""             "
"1"," ""cmon""           "
"1","
"
"1"," [197]"
"1"," ""cn""             "
"1"," ""co""             "
"1"," ""co.""            "
"1"," ""com""            "
"1","
"
"1"," [201]"
"1"," ""come""           "
"1"," ""comes""          "
"1"," ""computer""       "
"1"," ""con""            "
"1","
"
"1"," [205]"
"1"," ""concerning""     "
"1"," ""consequently""   "
"1"," ""consider""       "
"1"," ""considering""    "
"1","
"
"1"," [209]"
"1"," ""contain""        "
"1"," ""containing""     "
"1"," ""contains""       "
"1"," ""copy""           "
"1","
"
"1"," [213]"
"1"," ""corresponding""  "
"1"," ""could""          "
"1"," ""could've""       "
"1"," ""couldn""         "
"1","
"
"1"," [217]"
"1"," ""couldn't""       "
"1"," ""couldnt""        "
"1"," ""course""         "
"1"," ""cr""             "
"1","
"
"1"," [221]"
"1"," ""cry""            "
"1"," ""cs""             "
"1"," ""cu""             "
"1"," ""currently""      "
"1","
"
"1"," [225]"
"1"," ""cv""             "
"1"," ""cx""             "
"1"," ""cy""             "
"1"," ""cz""             "
"1","
"
"1"," [229]"
"1"," ""d""              "
"1"," ""dare""           "
"1"," ""daren't""        "
"1"," ""darent""         "
"1","
"
"1"," [233]"
"1"," ""date""           "
"1"," ""de""             "
"1"," ""dear""           "
"1"," ""definitely""     "
"1","
"
"1"," [237]"
"1"," ""describe""       "
"1"," ""described""      "
"1"," ""despite""        "
"1"," ""detail""         "
"1","
"
"1"," [241]"
"1"," ""did""            "
"1"," ""didn""           "
"1"," ""didn't""         "
"1"," ""didnt""          "
"1","
"
"1"," [245]"
"1"," ""differ""         "
"1"," ""different""      "
"1"," ""differently""    "
"1"," ""directly""       "
"1","
"
"1"," [249]"
"1"," ""dj""             "
"1"," ""dk""             "
"1"," ""dm""             "
"1"," ""do""             "
"1","
"
"1"," [253]"
"1"," ""does""           "
"1"," ""doesn""          "
"1"," ""doesn't""        "
"1"," ""doesnt""         "
"1","
"
"1"," [257]"
"1"," ""doing""          "
"1"," ""don""            "
"1"," ""don't""          "
"1"," ""done""           "
"1","
"
"1"," [261]"
"1"," ""dont""           "
"1"," ""doubtful""       "
"1"," ""down""           "
"1"," ""downed""         "
"1","
"
"1"," [265]"
"1"," ""downing""        "
"1"," ""downs""          "
"1"," ""downwards""      "
"1"," ""due""            "
"1","
"
"1"," [269]"
"1"," ""during""         "
"1"," ""dz""             "
"1"," ""e""              "
"1"," ""each""           "
"1","
"
"1"," [273]"
"1"," ""early""          "
"1"," ""ec""             "
"1"," ""ed""             "
"1"," ""edu""            "
"1","
"
"1"," [277]"
"1"," ""ee""             "
"1"," ""effect""         "
"1"," ""eg""             "
"1"," ""eh""             "
"1","
"
"1"," [281]"
"1"," ""eight""          "
"1"," ""eighty""         "
"1"," ""either""         "
"1"," ""eleven""         "
"1","
"
"1"," [285]"
"1"," ""else""           "
"1"," ""elsewhere""      "
"1"," ""empty""          "
"1"," ""end""            "
"1","
"
"1"," [289]"
"1"," ""ended""          "
"1"," ""ending""         "
"1"," ""ends""           "
"1"," ""enough""         "
"1","
"
"1"," [293]"
"1"," ""entirely""       "
"1"," ""er""             "
"1"," ""es""             "
"1"," ""especially""     "
"1","
"
"1"," [297]"
"1"," ""et""             "
"1"," ""et-al""          "
"1"," ""etc""            "
"1"," ""even""           "
"1","
"
"1"," [301]"
"1"," ""evenly""         "
"1"," ""ever""           "
"1"," ""evermore""       "
"1"," ""every""          "
"1","
"
"1"," [305]"
"1"," ""everybody""      "
"1"," ""everyone""       "
"1"," ""everything""     "
"1"," ""everywhere""     "
"1","
"
"1"," [309]"
"1"," ""ex""             "
"1"," ""exactly""        "
"1"," ""example""        "
"1"," ""except""         "
"1","
"
"1"," [313]"
"1"," ""f""              "
"1"," ""face""           "
"1"," ""faces""          "
"1"," ""fact""           "
"1","
"
"1"," [317]"
"1"," ""facts""          "
"1"," ""fairly""         "
"1"," ""far""            "
"1"," ""farther""        "
"1","
"
"1"," [321]"
"1"," ""felt""           "
"1"," ""few""            "
"1"," ""fewer""          "
"1"," ""ff""             "
"1","
"
"1"," [325]"
"1"," ""fi""             "
"1"," ""fifteen""        "
"1"," ""fifth""          "
"1"," ""fifty""          "
"1","
"
"1"," [329]"
"1"," ""fify""           "
"1"," ""fill""           "
"1"," ""find""           "
"1"," ""finds""          "
"1","
"
"1"," [333]"
"1"," ""fire""           "
"1"," ""first""          "
"1"," ""five""           "
"1"," ""fix""            "
"1","
"
"1"," [337]"
"1"," ""fj""             "
"1"," ""fk""             "
"1"," ""fm""             "
"1"," ""fo""             "
"1","
"
"1"," [341]"
"1"," ""followed""       "
"1"," ""following""      "
"1"," ""follows""        "
"1"," ""for""            "
"1","
"
"1"," [345]"
"1"," ""forever""        "
"1"," ""former""         "
"1"," ""formerly""       "
"1"," ""forth""          "
"1","
"
"1"," [349]"
"1"," ""forty""          "
"1"," ""forward""        "
"1"," ""found""          "
"1"," ""four""           "
"1","
"
"1"," [353]"
"1"," ""fr""             "
"1"," ""free""           "
"1"," ""from""           "
"1"," ""front""          "
"1","
"
"1"," [357]"
"1"," ""full""           "
"1"," ""fully""          "
"1"," ""further""        "
"1"," ""furthered""      "
"1","
"
"1"," [361]"
"1"," ""furthering""     "
"1"," ""furthermore""    "
"1"," ""furthers""       "
"1"," ""fx""             "
"1","
"
"1"," [365]"
"1"," ""g""              "
"1"," ""ga""             "
"1"," ""gave""           "
"1"," ""gb""             "
"1","
"
"1"," [369]"
"1"," ""gd""             "
"1"," ""ge""             "
"1"," ""general""        "
"1"," ""generally""      "
"1","
"
"1"," [373]"
"1"," ""get""            "
"1"," ""gets""           "
"1"," ""getting""        "
"1"," ""gf""             "
"1","
"
"1"," [377]"
"1"," ""gg""             "
"1"," ""gh""             "
"1"," ""gi""             "
"1"," ""give""           "
"1","
"
"1"," [381]"
"1"," ""given""          "
"1"," ""gives""          "
"1"," ""giving""         "
"1"," ""gl""             "
"1","
"
"1"," [385]"
"1"," ""gm""             "
"1"," ""gmt""            "
"1"," ""gn""             "
"1"," ""go""             "
"1","
"
"1"," [389]"
"1"," ""goes""           "
"1"," ""going""          "
"1"," ""gone""           "
"1"," ""good""           "
"1","
"
"1"," [393]"
"1"," ""goods""          "
"1"," ""got""            "
"1"," ""gotten""         "
"1"," ""gov""            "
"1","
"
"1"," [397]"
"1"," ""gp""             "
"1"," ""gq""             "
"1"," ""gr""             "
"1"," ""great""          "
"1","
"
"1"," [401]"
"1"," ""greater""        "
"1"," ""greatest""       "
"1"," ""greetings""      "
"1"," ""group""          "
"1","
"
"1"," [405]"
"1"," ""grouped""        "
"1"," ""grouping""       "
"1"," ""groups""         "
"1"," ""gs""             "
"1","
"
"1"," [409]"
"1"," ""gt""             "
"1"," ""gu""             "
"1"," ""gw""             "
"1"," ""gy""             "
"1","
"
"1"," [413]"
"1"," ""h""              "
"1"," ""had""            "
"1"," ""hadn't""         "
"1"," ""hadnt""          "
"1","
"
"1"," [417]"
"1"," ""half""           "
"1"," ""happens""        "
"1"," ""hardly""         "
"1"," ""has""            "
"1","
"
"1"," [421]"
"1"," ""hasn""           "
"1"," ""hasn't""         "
"1"," ""hasnt""          "
"1"," ""have""           "
"1","
"
"1"," [425]"
"1"," ""haven""          "
"1"," ""haven't""        "
"1"," ""havent""         "
"1"," ""having""         "
"1","
"
"1"," [429]"
"1"," ""he""             "
"1"," ""he'd""           "
"1"," ""he'll""          "
"1"," ""he's""           "
"1","
"
"1"," [433]"
"1"," ""hed""            "
"1"," ""hell""           "
"1"," ""hello""          "
"1"," ""help""           "
"1","
"
"1"," [437]"
"1"," ""hence""          "
"1"," ""her""            "
"1"," ""here""           "
"1"," ""here's""         "
"1","
"
"1"," [441]"
"1"," ""hereafter""      "
"1"," ""hereby""         "
"1"," ""herein""         "
"1"," ""heres""          "
"1","
"
"1"," [445]"
"1"," ""hereupon""       "
"1"," ""hers""           "
"1"," ""herself""        "
"1"," ""herse”""         "
"1","
"
"1"," [449]"
"1"," ""hes""            "
"1"," ""hi""             "
"1"," ""hid""            "
"1"," ""high""           "
"1","
"
"1"," [453]"
"1"," ""higher""         "
"1"," ""highest""        "
"1"," ""him""            "
"1"," ""himself""        "
"1","
"
"1"," [457]"
"1"," ""himse”""         "
"1"," ""his""            "
"1"," ""hither""         "
"1"," ""hk""             "
"1","
"
"1"," [461]"
"1"," ""hm""             "
"1"," ""hn""             "
"1"," ""home""           "
"1"," ""homepage""       "
"1","
"
"1"," [465]"
"1"," ""hopefully""      "
"1"," ""how""            "
"1"," ""how'd""          "
"1"," ""how'll""         "
"1","
"
"1"," [469]"
"1"," ""how's""          "
"1"," ""howbeit""        "
"1"," ""however""        "
"1"," ""hr""             "
"1","
"
"1"," [473]"
"1"," ""ht""             "
"1"," ""htm""            "
"1"," ""html""           "
"1"," ""http""           "
"1","
"
"1"," [477]"
"1"," ""hu""             "
"1"," ""hundred""        "
"1"," ""i""              "
"1"," ""i'd""            "
"1","
"
"1"," [481]"
"1"," ""i'll""           "
"1"," ""i'm""            "
"1"," ""i've""           "
"1"," ""i.e.""           "
"1","
"
"1"," [485]"
"1"," ""id""             "
"1"," ""ie""             "
"1"," ""if""             "
"1"," ""ignored""        "
"1","
"
"1"," [489]"
"1"," ""ii""             "
"1"," ""il""             "
"1"," ""ill""            "
"1"," ""im""             "
"1","
"
"1"," [493]"
"1"," ""immediate""      "
"1"," ""immediately""    "
"1"," ""importance""     "
"1"," ""important""      "
"1","
"
"1"," [497]"
"1"," ""in""             "
"1"," ""inasmuch""       "
"1"," ""inc""            "
"1"," ""inc.""           "
"1","
"
"1"," [501]"
"1"," ""indeed""         "
"1"," ""index""          "
"1"," ""indicate""       "
"1"," ""indicated""      "
"1","
"
"1"," [505]"
"1"," ""indicates""      "
"1"," ""information""    "
"1"," ""inner""          "
"1"," ""inside""         "
"1","
"
"1"," [509]"
"1"," ""insofar""        "
"1"," ""instead""        "
"1"," ""int""            "
"1"," ""interest""       "
"1","
"
"1"," [513]"
"1"," ""interested""     "
"1"," ""interesting""    "
"1"," ""interests""      "
"1"," ""into""           "
"1","
"
"1"," [517]"
"1"," ""invention""      "
"1"," ""inward""         "
"1"," ""io""             "
"1"," ""iq""             "
"1","
"
"1"," [521]"
"1"," ""ir""             "
"1"," ""is""             "
"1"," ""isn""            "
"1"," ""isn't""          "
"1","
"
"1"," [525]"
"1"," ""isnt""           "
"1"," ""it""             "
"1"," ""it'd""           "
"1"," ""it'll""          "
"1","
"
"1"," [529]"
"1"," ""it's""           "
"1"," ""itd""            "
"1"," ""itll""           "
"1"," ""its""            "
"1","
"
"1"," [533]"
"1"," ""itself""         "
"1"," ""itse”""          "
"1"," ""ive""            "
"1"," ""j""              "
"1","
"
"1"," [537]"
"1"," ""je""             "
"1"," ""jm""             "
"1"," ""jo""             "
"1"," ""join""           "
"1","
"
"1"," [541]"
"1"," ""jp""             "
"1"," ""just""           "
"1"," ""k""              "
"1"," ""ke""             "
"1","
"
"1"," [545]"
"1"," ""keep""           "
"1"," ""keeps""          "
"1"," ""kept""           "
"1"," ""keys""           "
"1","
"
"1"," [549]"
"1"," ""kg""             "
"1"," ""kh""             "
"1"," ""ki""             "
"1"," ""kind""           "
"1","
"
"1"," [553]"
"1"," ""km""             "
"1"," ""kn""             "
"1"," ""knew""           "
"1"," ""know""           "
"1","
"
"1"," [557]"
"1"," ""known""          "
"1"," ""knows""          "
"1"," ""kp""             "
"1"," ""kr""             "
"1","
"
"1"," [561]"
"1"," ""kw""             "
"1"," ""ky""             "
"1"," ""kz""             "
"1"," ""l""              "
"1","
"
"1"," [565]"
"1"," ""la""             "
"1"," ""large""          "
"1"," ""largely""        "
"1"," ""last""           "
"1","
"
"1"," [569]"
"1"," ""lately""         "
"1"," ""later""          "
"1"," ""latest""         "
"1"," ""latter""         "
"1","
"
"1"," [573]"
"1"," ""latterly""       "
"1"," ""lb""             "
"1"," ""lc""             "
"1"," ""least""          "
"1","
"
"1"," [577]"
"1"," ""length""         "
"1"," ""less""           "
"1"," ""lest""           "
"1"," ""let""            "
"1","
"
"1"," [581]"
"1"," ""let's""          "
"1"," ""lets""           "
"1"," ""li""             "
"1"," ""like""           "
"1","
"
"1"," [585]"
"1"," ""liked""          "
"1"," ""likely""         "
"1"," ""likewise""       "
"1"," ""line""           "
"1","
"
"1"," [589]"
"1"," ""little""         "
"1"," ""lk""             "
"1"," ""ll""             "
"1"," ""long""           "
"1","
"
"1"," [593]"
"1"," ""longer""         "
"1"," ""longest""        "
"1"," ""look""           "
"1"," ""looking""        "
"1","
"
"1"," [597]"
"1"," ""looks""          "
"1"," ""low""            "
"1"," ""lower""          "
"1"," ""lr""             "
"1","
"
"1"," [601]"
"1"," ""ls""             "
"1"," ""lt""             "
"1"," ""ltd""            "
"1"," ""lu""             "
"1","
"
"1"," [605]"
"1"," ""lv""             "
"1"," ""ly""             "
"1"," ""m""              "
"1"," ""ma""             "
"1","
"
"1"," [609]"
"1"," ""made""           "
"1"," ""mainly""         "
"1"," ""make""           "
"1"," ""makes""          "
"1","
"
"1"," [613]"
"1"," ""making""         "
"1"," ""man""            "
"1"," ""many""           "
"1"," ""may""            "
"1","
"
"1"," [617]"
"1"," ""maybe""          "
"1"," ""mayn't""         "
"1"," ""maynt""          "
"1"," ""mc""             "
"1","
"
"1"," [621]"
"1"," ""md""             "
"1"," ""me""             "
"1"," ""mean""           "
"1"," ""means""          "
"1","
"
"1"," [625]"
"1"," ""meantime""       "
"1"," ""meanwhile""      "
"1"," ""member""         "
"1"," ""members""        "
"1","
"
"1"," [629]"
"1"," ""men""            "
"1"," ""merely""         "
"1"," ""mg""             "
"1"," ""mh""             "
"1","
"
"1"," [633]"
"1"," ""microsoft""      "
"1"," ""might""          "
"1"," ""might've""       "
"1"," ""mightn't""       "
"1","
"
"1"," [637]"
"1"," ""mightnt""        "
"1"," ""mil""            "
"1"," ""mill""           "
"1"," ""million""        "
"1","
"
"1"," [641]"
"1"," ""mine""           "
"1"," ""minus""          "
"1"," ""miss""           "
"1"," ""mk""             "
"1","
"
"1"," [645]"
"1"," ""ml""             "
"1"," ""mm""             "
"1"," ""mn""             "
"1"," ""mo""             "
"1","
"
"1"," [649]"
"1"," ""more""           "
"1"," ""moreover""       "
"1"," ""most""           "
"1"," ""mostly""         "
"1","
"
"1"," [653]"
"1"," ""move""           "
"1"," ""mp""             "
"1"," ""mq""             "
"1"," ""mr""             "
"1","
"
"1"," [657]"
"1"," ""mrs""            "
"1"," ""ms""             "
"1"," ""msie""           "
"1"," ""mt""             "
"1","
"
"1"," [661]"
"1"," ""mu""             "
"1"," ""much""           "
"1"," ""mug""            "
"1"," ""must""           "
"1","
"
"1"," [665]"
"1"," ""must've""        "
"1"," ""mustn't""        "
"1"," ""mustnt""         "
"1"," ""mv""             "
"1","
"
"1"," [669]"
"1"," ""mw""             "
"1"," ""mx""             "
"1"," ""my""             "
"1"," ""myself""         "
"1","
"
"1"," [673]"
"1"," ""myse”""          "
"1"," ""mz""             "
"1"," ""n""              "
"1"," ""na""             "
"1","
"
"1"," [677]"
"1"," ""name""           "
"1"," ""namely""         "
"1"," ""nay""            "
"1"," ""nc""             "
"1","
"
"1"," [681]"
"1"," ""nd""             "
"1"," ""ne""             "
"1"," ""near""           "
"1"," ""nearly""         "
"1","
"
"1"," [685]"
"1"," ""necessarily""    "
"1"," ""necessary""      "
"1"," ""need""           "
"1"," ""needed""         "
"1","
"
"1"," [689]"
"1"," ""needing""        "
"1"," ""needn't""        "
"1"," ""neednt""         "
"1"," ""needs""          "
"1","
"
"1"," [693]"
"1"," ""neither""        "
"1"," ""net""            "
"1"," ""netscape""       "
"1"," ""never""          "
"1","
"
"1"," [697]"
"1"," ""neverf""         "
"1"," ""neverless""      "
"1"," ""nevertheless""   "
"1"," ""new""            "
"1","
"
"1"," [701]"
"1"," ""newer""          "
"1"," ""newest""         "
"1"," ""next""           "
"1"," ""nf""             "
"1","
"
"1"," [705]"
"1"," ""ng""             "
"1"," ""ni""             "
"1"," ""nine""           "
"1"," ""ninety""         "
"1","
"
"1"," [709]"
"1"," ""nl""             "
"1"," ""no""             "
"1"," ""no-one""         "
"1"," ""nobody""         "
"1","
"
"1"," [713]"
"1"," ""non""            "
"1"," ""none""           "
"1"," ""nonetheless""    "
"1"," ""noone""          "
"1","
"
"1"," [717]"
"1"," ""nor""            "
"1"," ""normally""       "
"1"," ""nos""            "
"1"," ""not""            "
"1","
"
"1"," [721]"
"1"," ""noted""          "
"1"," ""nothing""        "
"1"," ""notwithstanding"""
"1"," ""novel""          "
"1","
"
"1"," [725]"
"1"," ""now""            "
"1"," ""nowhere""        "
"1"," ""np""             "
"1"," ""nr""             "
"1","
"
"1"," [729]"
"1"," ""nu""             "
"1"," ""null""           "
"1"," ""number""         "
"1"," ""numbers""        "
"1","
"
"1"," [733]"
"1"," ""nz""             "
"1"," ""o""              "
"1"," ""obtain""         "
"1"," ""obtained""       "
"1","
"
"1"," [737]"
"1"," ""obviously""      "
"1"," ""of""             "
"1"," ""off""            "
"1"," ""often""          "
"1","
"
"1"," [741]"
"1"," ""oh""             "
"1"," ""ok""             "
"1"," ""okay""           "
"1"," ""old""            "
"1","
"
"1"," [745]"
"1"," ""older""          "
"1"," ""oldest""         "
"1"," ""om""             "
"1"," ""omitted""        "
"1","
"
"1"," [749]"
"1"," ""on""             "
"1"," ""once""           "
"1"," ""one""            "
"1"," ""one's""          "
"1","
"
"1"," [753]"
"1"," ""ones""           "
"1"," ""only""           "
"1"," ""onto""           "
"1"," ""open""           "
"1","
"
"1"," [757]"
"1"," ""opened""         "
"1"," ""opening""        "
"1"," ""opens""          "
"1"," ""opposite""       "
"1","
"
"1"," [761]"
"1"," ""or""             "
"1"," ""ord""            "
"1"," ""order""          "
"1"," ""ordered""        "
"1","
"
"1"," [765]"
"1"," ""ordering""       "
"1"," ""orders""         "
"1"," ""org""            "
"1"," ""other""          "
"1","
"
"1"," [769]"
"1"," ""others""         "
"1"," ""otherwise""      "
"1"," ""ought""          "
"1"," ""oughtn't""       "
"1","
"
"1"," [773]"
"1"," ""oughtnt""        "
"1"," ""our""            "
"1"," ""ours""           "
"1"," ""ourselves""      "
"1","
"
"1"," [777]"
"1"," ""out""            "
"1"," ""outside""        "
"1"," ""over""           "
"1"," ""overall""        "
"1","
"
"1"," [781]"
"1"," ""owing""          "
"1"," ""own""            "
"1"," ""p""              "
"1"," ""pa""             "
"1","
"
"1"," [785]"
"1"," ""page""           "
"1"," ""pages""          "
"1"," ""part""           "
"1"," ""parted""         "
"1","
"
"1"," [789]"
"1"," ""particular""     "
"1"," ""particularly""   "
"1"," ""parting""        "
"1"," ""parts""          "
"1","
"
"1"," [793]"
"1"," ""past""           "
"1"," ""pe""             "
"1"," ""per""            "
"1"," ""perhaps""        "
"1","
"
"1"," [797]"
"1"," ""pf""             "
"1"," ""pg""             "
"1"," ""ph""             "
"1"," ""pk""             "
"1","
"
"1"," [801]"
"1"," ""pl""             "
"1"," ""place""          "
"1"," ""placed""         "
"1"," ""places""         "
"1","
"
"1"," [805]"
"1"," ""please""         "
"1"," ""plus""           "
"1"," ""pm""             "
"1"," ""pmid""           "
"1","
"
"1"," [809]"
"1"," ""pn""             "
"1"," ""point""          "
"1"," ""pointed""        "
"1"," ""pointing""       "
"1","
"
"1"," [813]"
"1"," ""points""         "
"1"," ""poorly""         "
"1"," ""possible""       "
"1"," ""possibly""       "
"1","
"
"1"," [817]"
"1"," ""potentially""    "
"1"," ""pp""             "
"1"," ""pr""             "
"1"," ""predominantly""  "
"1","
"
"1"," [821]"
"1"," ""present""        "
"1"," ""presented""      "
"1"," ""presenting""     "
"1"," ""presents""       "
"1","
"
"1"," [825]"
"1"," ""presumably""     "
"1"," ""previously""     "
"1"," ""primarily""      "
"1"," ""probably""       "
"1","
"
"1"," [829]"
"1"," ""problem""        "
"1"," ""problems""       "
"1"," ""promptly""       "
"1"," ""proud""          "
"1","
"
"1"," [833]"
"1"," ""provided""       "
"1"," ""provides""       "
"1"," ""pt""             "
"1"," ""put""            "
"1","
"
"1"," [837]"
"1"," ""puts""           "
"1"," ""pw""             "
"1"," ""py""             "
"1"," ""q""              "
"1","
"
"1"," [841]"
"1"," ""qa""             "
"1"," ""que""            "
"1"," ""quickly""        "
"1"," ""quite""          "
"1","
"
"1"," [845]"
"1"," ""qv""             "
"1"," ""r""              "
"1"," ""ran""            "
"1"," ""rather""         "
"1","
"
"1"," [849]"
"1"," ""rd""             "
"1"," ""re""             "
"1"," ""readily""        "
"1"," ""really""         "
"1","
"
"1"," [853]"
"1"," ""reasonably""     "
"1"," ""recent""         "
"1"," ""recently""       "
"1"," ""ref""            "
"1","
"
"1"," [857]"
"1"," ""refs""           "
"1"," ""regarding""      "
"1"," ""regardless""     "
"1"," ""regards""        "
"1","
"
"1"," [861]"
"1"," ""related""        "
"1"," ""relatively""     "
"1"," ""research""       "
"1"," ""reserved""       "
"1","
"
"1"," [865]"
"1"," ""respectively""   "
"1"," ""resulted""       "
"1"," ""resulting""      "
"1"," ""results""        "
"1","
"
"1"," [869]"
"1"," ""right""          "
"1"," ""ring""           "
"1"," ""ro""             "
"1"," ""room""           "
"1","
"
"1"," [873]"
"1"," ""rooms""          "
"1"," ""round""          "
"1"," ""ru""             "
"1"," ""run""            "
"1","
"
"1"," [877]"
"1"," ""rw""             "
"1"," ""s""              "
"1"," ""sa""             "
"1"," ""said""           "
"1","
"
"1"," [881]"
"1"," ""same""           "
"1"," ""saw""            "
"1"," ""say""            "
"1"," ""saying""         "
"1","
"
"1"," [885]"
"1"," ""says""           "
"1"," ""sb""             "
"1"," ""sc""             "
"1"," ""sd""             "
"1","
"
"1"," [889]"
"1"," ""se""             "
"1"," ""sec""            "
"1"," ""second""         "
"1"," ""secondly""       "
"1","
"
"1"," [893]"
"1"," ""seconds""        "
"1"," ""section""        "
"1"," ""see""            "
"1"," ""seeing""         "
"1","
"
"1"," [897]"
"1"," ""seem""           "
"1"," ""seemed""         "
"1"," ""seeming""        "
"1"," ""seems""          "
"1","
"
"1"," [901]"
"1"," ""seen""           "
"1"," ""sees""           "
"1"," ""self""           "
"1"," ""selves""         "
"1","
"
"1"," [905]"
"1"," ""sensible""       "
"1"," ""sent""           "
"1"," ""serious""        "
"1"," ""seriously""      "
"1","
"
"1"," [909]"
"1"," ""seven""          "
"1"," ""seventy""        "
"1"," ""several""        "
"1"," ""sg""             "
"1","
"
"1"," [913]"
"1"," ""sh""             "
"1"," ""shall""          "
"1"," ""shan't""         "
"1"," ""shant""          "
"1","
"
"1"," [917]"
"1"," ""she""            "
"1"," ""she'd""          "
"1"," ""she'll""         "
"1"," ""she's""          "
"1","
"
"1"," [921]"
"1"," ""shed""           "
"1"," ""shell""          "
"1"," ""shes""           "
"1"," ""should""         "
"1","
"
"1"," [925]"
"1"," ""should've""      "
"1"," ""shouldn""        "
"1"," ""shouldn't""      "
"1"," ""shouldnt""       "
"1","
"
"1"," [929]"
"1"," ""show""           "
"1"," ""showed""         "
"1"," ""showing""        "
"1"," ""shown""          "
"1","
"
"1"," [933]"
"1"," ""showns""         "
"1"," ""shows""          "
"1"," ""si""             "
"1"," ""side""           "
"1","
"
"1"," [937]"
"1"," ""sides""          "
"1"," ""significant""    "
"1"," ""significantly""  "
"1"," ""similar""        "
"1","
"
"1"," [941]"
"1"," ""similarly""      "
"1"," ""since""          "
"1"," ""sincere""        "
"1"," ""site""           "
"1","
"
"1"," [945]"
"1"," ""six""            "
"1"," ""sixty""          "
"1"," ""sj""             "
"1"," ""sk""             "
"1","
"
"1"," [949]"
"1"," ""sl""             "
"1"," ""slightly""       "
"1"," ""sm""             "
"1"," ""small""          "
"1","
"
"1"," [953]"
"1"," ""smaller""        "
"1"," ""smallest""       "
"1"," ""sn""             "
"1"," ""so""             "
"1","
"
"1"," [957]"
"1"," ""some""           "
"1"," ""somebody""       "
"1"," ""someday""        "
"1"," ""somehow""        "
"1","
"
"1"," [961]"
"1"," ""someone""        "
"1"," ""somethan""       "
"1"," ""something""      "
"1"," ""sometime""       "
"1","
"
"1"," [965]"
"1"," ""sometimes""      "
"1"," ""somewhat""       "
"1"," ""somewhere""      "
"1"," ""soon""           "
"1","
"
"1"," [969]"
"1"," ""sorry""          "
"1"," ""specifically""   "
"1"," ""specified""      "
"1"," ""specify""        "
"1","
"
"1"," [973]"
"1"," ""specifying""     "
"1"," ""sr""             "
"1"," ""st""             "
"1"," ""state""          "
"1","
"
"1"," [977]"
"1"," ""states""         "
"1"," ""still""          "
"1"," ""stop""           "
"1"," ""strongly""       "
"1","
"
"1"," [981]"
"1"," ""su""             "
"1"," ""sub""            "
"1"," ""substantially""  "
"1"," ""successfully""   "
"1","
"
"1"," [985]"
"1"," ""such""           "
"1"," ""sufficiently""   "
"1"," ""suggest""        "
"1"," ""sup""            "
"1","
"
"1"," [989]"
"1"," ""sure""           "
"1"," ""sv""             "
"1"," ""sy""             "
"1"," ""system""         "
"1","
"
"1"," [993]"
"1"," ""sz""             "
"1"," ""t""              "
"1"," ""t's""            "
"1"," ""take""           "
"1","
"
"1"," [997]"
"1"," ""taken""          "
"1"," ""taking""         "
"1"," ""tc""             "
"1"," ""td""             "
"1","
"
"1"," [ reached getOption(""max.print"") -- omitted 298 entries ]
"
