"0","hotel_raw_1 <- read_csv(""https://query.data.world/s/2zsbemxf66vevuuc47jqe24n4zwl54"") %>%"
"0","  mutate(`Date Of Review` = lubridate::mdy(`Date Of Review`),"
"0","         `Property Name` = trimws(str_remove(`Property Name`, ""Hotel"")),"
"0","         `Property Name` = trimws(str_remove(`Property Name`, ""The"")),"
"0","         `Property Name` = case_when("
"0","           str_detect(`Property Name`, ""^45 Park Lane"") ~ ""45 Park Lane"","
"0","           str_detect(`Property Name`, ""^Apex"") ~ ""Apex"","
"0","           str_detect(`Property Name`, ""^Bulgari"") ~ ""Bulgari"","
"0","           str_detect(`Property Name`, ""^Corinthia"") ~ ""Corinthia"","
"0","           str_detect(`Property Name`, ""^London Guest House"") ~ ""Guest House"","
"0","           str_detect(`Property Name`, ""^Xenia"") ~ ""Xenia"","
"0","           str_detect(`Property Name`, ""^Mandarin"") ~ ""Mandarin"","
"0","           str_detect(`Property Name`, ""^Mondrian"") ~ ""Mondrian"","
"0","           str_detect(`Property Name`, ""^Wellesley"") ~ ""Wellesley"","
"0","           TRUE ~ `Property Name`),"
"0","         `Property Name` = factor(`Property Name`),"
"0","         review_id = row_number()"
"0","  ) %>%"
"0","  janitor::clean_names(case = ""snake"") %>%"
"0","  select(review_id, everything())"
"0",""
"0","skimr::skim(hotel_raw_1)"
"2","Warning: [38;5;250mThere was 1 warning in `dplyr::summarize()`.[39m
[38;5;250m[36mâ„¹[38;5;250m In argument: `dplyr::across(tidyselect::any_of(variable_names),
  mangled_skimmers$funs)`.
[36mâ„¹[38;5;250m In group 0: .[39m
Caused by warning:
[33m![39m [38;5;250mThere were 7010 warnings in `dplyr::summarize()`.
The first warning was:[39m
[38;5;250m[36mâ„¹[38;5;250m In argument: `dplyr::across(tidyselect::any_of(variable_names),
  mangled_skimmers$funs)`.[39m
Caused by warning in `grepl()`:
[33m![39m unable to translate 'Ottima qualit<e0> prezzo' to a wide string
[38;5;250m[36mâ„¹[38;5;250m Run ]8;;ide:run:dplyr::last_dplyr_warnings()dplyr::last_dplyr_warnings()]8;; to see the 7009 remaining warnings.[39m"
"1","â”€â”€ Data Summary â”€â”€â”€â”€â”€â”€â”€â”€â”€â”€â”€â”€â”€â”€â”€â”€â”€â”€â”€â”€â”€â”€â”€â”€
"
"1","                           Values     
"
"1","Name                       hotel_raw_1
"
"1","Number of rows             27330      
"
"1","Number of columns          7          
"
"1","_______________________               
"
"1","Column type frequency:                
"
"1","  character                3          
"
"1","  Date                     1          
"
"1","  factor                   1          
"
"1","  numeric                  2          
"
"1","________________________              
"
"1","Group variables            None       
"
